member_id,member_pw,name,email,birthday,nickname,created_at
user001,$2a$10$aZ7En5hotwtJxFgd2GE4KuLVOR1WtU6xAr9jm5S8bYsj7v8koy1uW,David,user001@example.com,1988-10-22,Ally,2021-06-06 10:43:57
user002,$2a$10$4DEVHnEamBsWxmQldIjGtOuVShfm2F/PJm4Dzjhbmvgu0BpSaXo/q,Grace,user002@example.com,1982-10-13,Johnny,2023-09-08 17:46:51
user003,$2a$10$8MTkfNz3hAUvQ9RsDkuDXeK32y5UrVYwavQtQNmj1Sr9OZ81kXhSW,John,user003@example.com,2001-07-08,Johnny,2024-05-21 23:04:37
user004,$2a$10$0/X2FhB.OJSa7bjUhqLXTePIdP9vuOqEcGYjS3eZEbo252iKURxYq,John,user004@example.com,2003-12-16,Han,2023-10-22 14:29:14
user005,$2a$10$WuA2/BWT5oaqWKBYiyALqufvV4LusaYNDk9g3o2BZ/U7v5M6NT0M.,John,user005@example.com,1997-05-02,Davey,2022-12-06 13:27:40
user006,$2a$10$VzCjGFDy98IGenWNnRWtMe0ABoCVM7sXvvVzp6Webk.2JTXgRp1eu,Hannah,user006@example.com,2004-04-05,Bobby,2023-11-21 04:36:00
user007,$2a$10$gQcbgEZtBK7Lig2p8nBfZewz6.FcNTru4OBy9syeQHecEVLp4jSlK,Frank,user007@example.com,1981-02-01,Gracie,2020-04-18 19:27:44
user008,$2a$10$4SPlbOeL.N05Umm5LylpCeWrn4F4pckOQBBLmmrj6EJA6qh0zvlke,Bob,user008@example.com,1991-03-05,Johnny,2021-04-12 17:39:30
user009,$2a$10$mq/4yeJ1trBFBa5zuW/aCO.sA2.I.HBJFyKF9XFtTJa2hQMFoIgEG,David,user009@example.com,1996-04-02,Johnny,2022-01-12 05:12:00
user010,$2a$10$yGcoRq79/qf48N.aRQ7.3eSBx.PU7c.WNTkayR/fyjRtO2q1lmZxi,Hannah,user010@example.com,2001-05-22,Han,2021-03-20 01:58:02
user011,$2a$10$mONjO7Zicli2JjS6OjIqWuh0Ctnb9BcXfkVW/ak5dBqBVocXO8S/W,Catherine,user011@example.com,2000-12-04,Cate,2023-12-08 12:25:33
user012,$2a$10$WF6HL0eoTRIuMrvMVKlq0uY5FI5RtXQimrmP6HV2kJRWqirEyOmmK,Eva,user012@example.com,1983-12-15,Gracie,2023-05-21 17:29:26
user013,$2a$10$CdAhPM0PgolTvM8/EZibleY.nehGwc3wN4ZCTQgLCS/FEkk4a.Bd2,Eva,user013@example.com,1990-12-24,Cate,2022-05-23 14:19:46
user014,$2a$10$jfa7oBZ2yJYKYxZRejtrMOoNbDnJtM1E4ZOF/8XJ8mHbugv5gKWKe,John,user014@example.com,1998-02-01,Han,2021-01-04 12:42:07
user015,$2a$10$evZBVAuBKqPMe2Fdw6eH2uNWlc1gsCggmxxZombb6viUjd32UQKyi,Alice,user015@example.com,1983-10-16,Johnny,2021-01-14 10:23:56
user016,$2a$10$1BgqBAHGA36HXUf6nPPT6uv3OYDk0vG6QqIZk548/irEH8iqFPso.,Eva,user016@example.com,1988-04-19,Bobby,2022-07-17 08:50:06
user017,$2a$10$1m1xruIvQ8K9cbmbzcm3aO5oA8oVzvKPW56Wk4pZVEDEykv6fxTm2,David,user017@example.com,1993-05-13,Bobby,2021-02-10 11:37:51
user018,$2a$10$TxWx5/IKmC.KFytb.iFQp.0s6eksZpdoVGx5VCyO/odLmshZbXeai,Bob,user018@example.com,1985-10-31,Gracie,2022-08-27 04:11:03
user019,$2a$10$aWRsy.J.8s8YH7adutf1b.hVgFqC76XWrLD4zXxD70EsRitOjpWZO,Bob,user019@example.com,1992-09-20,Johnny,2023-05-26 00:37:58
user020,$2a$10$INcqmLgGA61wy2BCwED/e.FtyMBtAX7vBWhx.8fK3Ue/NBFhht9M2,Hannah,user020@example.com,1992-07-27,Gracie,2022-04-13 21:59:00
user021,$2a$10$kGXuo.nx5NkmR9YTszlZtOolyX8GicOukZcKBIK9QxXxOpKLJCTq2,Ian,user021@example.com,1997-10-03,Iggy,2020-04-28 08:49:40
user022,$2a$10$pkAi/8EfmgL0SYrOVqxAHecUgFZ6BG8xH73dQARfjL68x3AvxKZhe,Catherine,user022@example.com,1987-05-19,Ally,2023-02-01 15:20:16
user023,$2a$10$ZawNKqpWR2EWJ6uHYjxdguB6YNqjb3iY00Aq0qu3F9ZPxSJ/vDg0S,Ian,user023@example.com,1999-08-05,Cate,2022-07-26 00:04:41
user024,$2a$10$mdAE/BdpqsLZ4l6DzDrJDeUQCW0zrVRelPOHCdJ5mFt2g.OhQRXlG,Frank,user024@example.com,1990-02-03,Bobby,2022-11-23 12:21:18
user025,$2a$10$HY4iOJF3YJ2Vgi/hg98WiOypx5V4NJveDKTCU4kmEWegWh9fstzPm,Eva,user025@example.com,1982-02-28,Bobby,2022-10-07 03:42:20
user026,$2a$10$9aShPrEaBWd6.cBGa9zGfe9IAiK3tBonsiNaHS7Qp.JsurZwMRMiK,John,user026@example.com,1983-11-29,Han,2020-11-27 11:11:18
user027,$2a$10$rQ3Lka0AIbwhJUkQkj8lgOL5v9hdnntfLF/qH51wNbVYoV/exoqOG,Alice,user027@example.com,1984-08-28,Ally,2022-04-20 01:31:03
user028,$2a$10$8QCl2Ano9DA2JQB590aMpukoy5jQe3VvqackxTarmqS845NZMD08C,Alice,user028@example.com,1995-12-10,Bobby,2021-10-10 20:47:33
user029,$2a$10$iR3V2h7v96zq3NfdSF33xu51W2de.dEgydSgQlJXmOoaR07IUtRDG,Grace,user029@example.com,1986-09-19,Ally,2024-01-13 23:04:29
user030,$2a$10$gjshUy218hfVnQfl5WnyQOmJ5q2qiMuJ1u/fPWqOwOSXrAvccsF8.,John,user030@example.com,2000-08-19,Davey,2020-04-04 17:33:33
user031,$2a$10$nDymzpjeGNbSP3SNaJk5HOOsiXppBSpuVW.s89mjxqX7YpJ7Wzdwy,Frank,user031@example.com,1989-07-13,Evie,2021-04-15 06:57:34
user032,$2a$10$PYKy108/zHN5XfnCOr1eoOL4espMfDkKCCAQ.BAsu7PzqmcX8VoMm,Eva,user032@example.com,1983-04-09,Cate,2020-12-28 09:39:49
user033,$2a$10$9TVZ0/MECemYRi2yj2kDIO.3R6TbtknDdDMyJK7lRuZt1NPyhCSlm,Ian,user033@example.com,2000-02-05,Davey,2023-10-26 17:19:48
user034,$2a$10$ljcjpiK3S96xjSV0AcS.heWOnZwtuDh5uUHew0VK2eJmV8i.LBvbO,David,user034@example.com,2004-04-07,Iggy,2023-10-11 16:15:32
user035,$2a$10$coo.i/TqQoGcbRnLJL4eYeEe0YSgTY2KoHd5Sm7y0A7AnPklYBAh6,Catherine,user035@example.com,1985-09-10,Davey,2020-04-13 05:01:28
user036,$2a$10$pmwNFe2rK4Wyoy0iLUMK7uR/ut9K.Kf4Rh0DhqB.nQfWCWIFPMbyi,Frank,user036@example.com,1990-06-21,Han,2023-02-12 11:05:53
user037,$2a$10$H/e/bbPex1tKwUjrhinqb.Vr193AwbRLf0.T6VmDPgHaywFlvEx/6,Catherine,user037@example.com,1984-02-21,Gracie,2024-11-25 19:49:37
user038,$2a$10$y3vkGug6jwfry/EEVzxLYOjrXiRnJUVCjnMOuESIH/JzJeHd40u8S,Bob,user038@example.com,1993-03-30,Ally,2021-09-21 20:13:46
user039,$2a$10$nRBy6TY4ta9rYn00wOVNWeWDkxzBFxcddo5reDPhuitsiLxay8Pm2,Alice,user039@example.com,1987-03-23,Gracie,2021-07-18 23:12:01
user040,$2a$10$FgX/JCSDcXzNxHFwhjQ.zeVQnChMZlEpDMkIpke8b37FE68HEs90.,Frank,user040@example.com,1997-01-05,Davey,2023-11-25 15:22:28
user041,$2a$10$lfcyT4UJwiu5GXd0icZrUOyo1siCfGGgbCTgG3W0ZVUXSSx/DixeW,Hannah,user041@example.com,1995-12-26,Bobby,2022-08-20 23:59:23
user042,$2a$10$U/9TzUg4fkpSsSEbBwmvw.EiXrgPAOLreByR.zCLtdROKDbWrshOC,Alice,user042@example.com,1991-09-20,Cate,2021-01-02 12:54:04
user043,$2a$10$JOjZoMyQ21MGJpRGjsflA.0tsh43AKbrTtmiR8T..n5oKeyiwZzdG,Ian,user043@example.com,1984-12-17,Gracie,2020-08-18 13:31:29
user044,$2a$10$.I1ogJAlwkF900CXatSD1O5fJDQsuKzj.CsOv7kYmPCtYITKd4OuG,Bob,user044@example.com,1987-07-12,Bobby,2024-11-19 14:18:17
user045,$2a$10$tnQ0imvqHKmW.XmNXHe/2.FPsLj8bHc20egJsk0m9p6Bq49H3LXKO,Ian,user045@example.com,1981-12-03,Bobby,2024-01-04 11:54:19
user046,$2a$10$WOyoZNw9oAVBT5Kno.mv5OK94bNDyqapElAX2Ph54jIPBHx9jMlbS,Ian,user046@example.com,1995-10-06,Frankie,2022-09-22 21:17:15
user047,$2a$10$m5XFjY4cKj4tZCOgyapSquLa4b2hIGs1mkV3PzndLPjrJLAS4j7FW,Catherine,user047@example.com,1993-04-20,Gracie,2024-12-14 10:59:02
user048,$2a$10$8DTjaOjRrJl4CMvensFVzeXxeahOaCar5wC2DNmdM1QbZk8w0el/i,Ian,user048@example.com,1983-09-08,Bobby,2021-10-06 03:31:50
user049,$2a$10$98AwvbfaP.TArAfLwrcVUuiwUGY2vy0LTYJmPBpxUZ2wM0w2NDfJC,Catherine,user049@example.com,1982-11-27,Cate,2022-01-12 06:21:39
user050,$2a$10$T2Kevuq8AA6ipPRpHbD0l.IwD2pl7V8RHpUXdPgBsbEEUsdxPGzvm,Bob,user050@example.com,1994-06-12,Bobby,2024-12-28 15:20:35
user051,$2a$10$XbWKQyWNzxrG3mriPMIiy.MGmtuJ6o.zkCsTCplL/PjfpU.z3E6tu,Hannah,user051@example.com,1998-04-11,Gracie,2020-08-23 14:19:41
user052,$2a$10$PjGEI30n8uP3ZO8hhn.duOChrI6a2mMu7AKWEhfFZU05nvNj95FUy,Alice,user052@example.com,1981-11-04,Cate,2023-02-24 20:15:13
user053,$2a$10$CQCTNrXDcSF5OG/5pUeI/OwcGgzjtoXmGNk60en16BiKAq2sAnpTS,John,user053@example.com,1985-02-21,Davey,2020-10-26 18:21:10
user054,$2a$10$OpgJ1xX1BRRrZj.bgabAW.k.8W1.AgzlsIEWY9PLVYabUqhyEDGk.,Eva,user054@example.com,1996-07-20,Han,2021-09-21 22:55:11
user055,$2a$10$VlqplzESzqWcICSApa8HLuZPrcLeMiI06aeXPLoP9hY3caN0oHeMW,David,user055@example.com,2000-02-15,Frankie,2024-07-23 12:54:11
user056,$2a$10$.KlwGxQPxnKsmNBYOn2v/ueSg7uqb4nxWdj6fzCRbliRlipMrAb2q,Grace,user056@example.com,1993-09-13,Gracie,2021-07-07 11:05:04
user057,$2a$10$C8z21cfIgCE1I5J5yv.NFuleE8ejopaR9XNrMKuQW64gzqie0Vxb6,Grace,user057@example.com,1992-04-17,Han,2021-05-03 03:09:52
user058,$2a$10$EX81QyaZ.S3SmIpIytqRFOYQFv0K6NxYmhQuloioU7hsjdJHiaHbK,Ian,user058@example.com,1986-10-04,Cate,2022-07-04 06:59:35
user059,$2a$10$PoPd.af5ssBmsXzZJ9UCW.GpxG2QAhqGHEoItWLnpFZYI8u22LtPW,Ian,user059@example.com,1986-09-09,Iggy,2023-10-27 02:43:17
user060,$2a$10$NPtOBc9fta3LSnAEiuRFye/6jLL7E5d5r36ECI1i8Xwata1PpwhNG,Catherine,user060@example.com,1998-04-19,Iggy,2022-09-21 03:37:51
user061,$2a$10$b1bbULo.SBsab7M9CMqP8eKZDD81O8kdAfM7Uw6mrCh8pEDkTefzu,Eva,user061@example.com,1982-11-27,Han,2022-02-24 01:28:23
user062,$2a$10$LosBpZQgvgvpIdHuY7olDeo4wL1wFc3onLp3uHdNdCxKf7pyUsES6,Alice,user062@example.com,1996-03-02,Han,2022-04-12 02:00:21
user063,$2a$10$HJSCSBilpfl4zpKr.Xxoxu4wPKZNyV2E9KEnnrrGAw8rRn/iUGjdW,Eva,user063@example.com,1996-02-19,Han,2024-05-25 15:11:20
user064,$2a$10$oimIel5OSz5rEYqbt9PDKObyWZNh2dZ.4vsbZymRui4j.n.8W1Zl6,Catherine,user064@example.com,1985-03-16,Iggy,2022-12-06 01:08:48
user065,$2a$10$z6fyaDhA0bTYsiGACHO8buHvH7x1fZ.4l7EBtnl1QrryvBAVwRNMq,Alice,user065@example.com,1991-05-24,Iggy,2024-07-26 13:17:21
user066,$2a$10$HC7BmekBAFOZjbdGET9FAuM3vruf.vNBCp8Pu6rKcWyLcItLKkou6,Bob,user066@example.com,1988-12-17,Bobby,2022-01-02 21:03:01
user067,$2a$10$DKl3mRi4DLV2stiiOaPPCehaLUiG5MKXuycxNd.9hHYUmB4s36Qum,John,user067@example.com,1983-12-20,Cate,2023-09-17 08:28:08
user068,$2a$10$TfHU9nDnUqxaZsBx.oJJqeY9fdJdutxG/5VkXjOjYCWx5Gg8ZAzka,Hannah,user068@example.com,1999-01-25,Gracie,2022-11-19 12:24:40
user069,$2a$10$6zgujwOQk6GmYsS2BWsydenc5MgHNtqp1OKo/6RwQwB1k0uSVuP5.,Ian,user069@example.com,1985-02-13,Bobby,2021-11-12 05:56:54
user070,$2a$10$5Sprrx1WZHKT4Z5k1ouVYODvmQQ94t32OtHF9M21yWKSHns/5x1lC,Ian,user070@example.com,1992-03-28,Johnny,2020-05-23 08:43:38
user071,$2a$10$rasS4k5w8CRUISixbyMTsuvtEtzg804pe6KcUX1pxNw9uqvo9gXPS,Catherine,user071@example.com,2003-09-14,Cate,2023-02-10 22:27:32
user072,$2a$10$CtVhZU2D/3sf1.pcyIUgc.8V4/KQYuPROJJG3jJMEJPFWM0wBWPqS,Frank,user072@example.com,1993-11-11,Iggy,2021-09-26 09:05:30
user073,$2a$10$qKurJevPn/J2UrOj/mJxNukTimYt9p2M4x5T8JbBtVh2ZNPPrPIdu,Eva,user073@example.com,1982-11-09,Johnny,2020-01-21 09:34:38
user074,$2a$10$AE5PMo/fjf62sFyh/8Vjt.nnSbjhJ4YY/c52PUUk1fB8Z/i0XfnFW,Alice,user074@example.com,1990-04-25,Ally,2023-09-21 17:08:51
user075,$2a$10$ttiWnTy.3ApVmqrBfEfU5.0J.ww5kLwOlvKNGvTlERp6jZdOu7TFu,Hannah,user075@example.com,1997-10-21,Evie,2023-05-13 09:21:09
user076,$2a$10$mlbmAyfvZaB6/10vsrSueeaNhvck2X6JLx1T0.vcWagPj/AJtK7wO,Eva,user076@example.com,1981-02-19,Cate,2024-10-03 00:43:50
user077,$2a$10$c/fV2aZVHczOmd3z29o57.tD9Tr94L/O9dIxqsVs58k07QR0Xnz22,Bob,user077@example.com,2003-09-21,Frankie,2022-03-21 04:52:57
user078,$2a$10$lwE4n6bxrFfJlJCYYq2wruZ1Mzir.ZzWdPFK.vRkAeDrrsusWGxvy,Bob,user078@example.com,1988-07-12,Cate,2021-05-27 04:51:46
user079,$2a$10$w.ZS0sDgEGzlfqAV87NoLOeHboKklh7EkfqkbwJR2vY.imrfhOE0G,Bob,user079@example.com,1987-10-30,Han,2020-02-01 12:06:31
user080,$2a$10$chzbUDpijd7MV6dyBbAI6ORBFaReu1mxlHG/E9Sf9o.l1cTWaAthi,Ian,user080@example.com,1995-03-14,Gracie,2024-04-20 18:59:20
user081,$2a$10$xy7M18KPm2Uy15CKr6geE.uklKOF7.66hNarHkZJnDR2FLV4nOQz6,Hannah,user081@example.com,2002-08-14,Davey,2021-05-05 19:52:17
user082,$2a$10$uo4wps8ZoyO89OIgUjhKxedL1xMsZGGhonaTUVo4GPPYHEOP02uni,Frank,user082@example.com,1981-03-30,Davey,2020-12-18 17:39:53
user083,$2a$10$JDv/Dlis4mufBvoN0JZCq.YXmN/jI0P0iAr8CRouXcW.pEw6Ddqwu,Frank,user083@example.com,1980-11-04,Cate,2024-10-21 02:25:16
user084,$2a$10$mWD9OF.6w5O7UFy0PpR2fewKlh9HFyrT1mpCg2seo.mrlWx9LFzde,Hannah,user084@example.com,2001-12-04,Han,2020-09-16 23:20:09
user085,$2a$10$uTU2k0gmAnkeXTsa0z0nXepgq4qEDZypPKX24ab9V46tVewDCMS5.,David,user085@example.com,1993-09-04,Gracie,2020-02-25 14:10:22
user086,$2a$10$Zc7Zzs7aEY8S.ROVkr9ylufqR9xMvtYdj/wBiZAylUWiHbOk4ghY2,Hannah,user086@example.com,1987-06-29,Gracie,2023-01-09 18:23:10
user087,$2a$10$7qCbEfPakFDQ6Ijg8R4beOLJPGtsV7yslaLApQPrmlgVQKZDqF6XG,Eva,user087@example.com,1989-03-23,Ally,2023-07-18 11:55:25
user088,$2a$10$nYGBLi9A7RfLR84ywxNma.3d2L2WufsjrgNQTJ6DgzaDrYRm0Gm6i,David,user088@example.com,2004-02-29,Johnny,2024-02-01 14:28:51
user089,$2a$10$vcUi28FFs6TEXYrW68L60OAFZP9wsFj0ZG67P.DxY0/bqfSh3OE1G,Eva,user089@example.com,1996-06-06,Frankie,2024-07-17 08:40:04
user090,$2a$10$jM3VCWmZAn8PmkKISy.OvuR6ayjmXAXCIjMMr9rW6Tq3kXtl99yHW,David,user090@example.com,1986-03-27,Iggy,2022-08-01 10:28:32
user091,$2a$10$F8Zb8nFKxjFV/.xzHimGr.GFqvSOCXexvS3qMNTpBNS08LesF93aC,Eva,user091@example.com,1982-01-26,Ally,2022-01-22 04:27:54
user092,$2a$10$EBZh97jaaywSeFFEFS9OWuzjP1S.kh6MoSBaWj7UZugrOM9sCoQ7W,David,user092@example.com,1984-08-27,Frankie,2021-02-06 10:11:49
user093,$2a$10$9kp5tWvi2z8ha1vw1x9Ad./DOQCt4dMQqgRBy9ByKloVrrzJYNrfi,Hannah,user093@example.com,1990-08-29,Ally,2023-06-20 17:33:09
user094,$2a$10$NnZFtLOeDQVR1Txr8YvXJ.cXdSZJoa8ivetZaca7N24VRYhMy8cfi,John,user094@example.com,1998-02-01,Frankie,2020-01-23 04:49:04
user095,$2a$10$cvtTFxwzDCBxgg4IvDAU6.szTTs4R7.wUgMGia7NXe9wNMjcuvrda,John,user095@example.com,2000-11-23,Gracie,2022-02-21 21:56:42
user096,$2a$10$psbaUSqLRhDLec1NON4c5OQk7aAtO/ZzF3lk7xtbOopFD7fAAXzmq,Hannah,user096@example.com,1996-01-28,Han,2020-10-22 13:27:41
user097,$2a$10$edp9vLMq7OCBrQWVGsuIn.3IPzzG0WvujBPP059VvrjbY.jIrGSV2,David,user097@example.com,2002-01-11,Davey,2021-03-10 10:36:18
user098,$2a$10$OjUt2v5e/5YBhC0ZmJtaze7Tbfjnf.camm7VKynhMlkbED8SdOj.i,David,user098@example.com,2000-02-15,Davey,2021-10-04 22:39:07
user099,$2a$10$1EU9ucA8CvegRFNyTp549ebgnNeiQn0O70IK.Pq9KgwJWwAxERgfm,Alice,user099@example.com,1982-11-23,Gracie,2020-04-10 14:42:15
user100,$2a$10$cWl08E82lM5v95R86YIMh.oADv2fIf1XBkfbCkCzPJthnhYA3j2IK,Catherine,user100@example.com,1983-01-18,Cate,2024-07-03 04:35:09
user101,$2a$10$gwOP4FJHAoaiFfwfrWuk5.RJvzR2mb1BKIjjgFzw8SGN8xuR5bvGC,Bob,user101@example.com,2003-08-12,Han,2020-07-21 01:14:33
user102,$2a$10$6mDVDh7JMeWMy1Dr2ScE6.Hi8x4ZyBgTrYI3qF5XWQ3cHnlea3Pfq,Catherine,user102@example.com,2003-06-22,Evie,2022-12-20 10:27:57
user103,$2a$10$lRJAQHHaMpEcOgB7Jkx3R.SjZPD9sSV56DUNPc7c/bWJpzE9VFX8e,Bob,user103@example.com,1985-11-18,Iggy,2021-11-08 16:34:10
user104,$2a$10$8r6AwFBtb4UxPAH5w/JtKu.jSSw5nLrfHUxQ1vwx8vlarUOmSf.M6,John,user104@example.com,1993-06-28,Bobby,2021-01-16 03:58:33
user105,$2a$10$oejhNeW.Jr5NgRNKq8swcuZcg9fDhZVI1INUf66dXkrdPQ7NUoyjS,John,user105@example.com,1995-11-30,Han,2021-09-05 07:56:38
user106,$2a$10$DXIEZDSAQjNUcyDUuEn4P.3GISjBjWZP42nLW2qpr5ljK.Rgj66wq,Catherine,user106@example.com,1995-09-23,Han,2020-03-19 15:53:09
user107,$2a$10$lVehoQetlNEzX6n31qbChueORHsh31IeeSY8XKbTsZDwLd4hj6VXy,Catherine,user107@example.com,1989-08-10,Cate,2023-05-03 22:56:51
user108,$2a$10$yPUBSS3aI7nmJBW9oIERTueDzPTHBP8cjKJ2QmzD1VvQogTCXGxgK,Alice,user108@example.com,1993-03-11,Davey,2024-09-26 12:25:15
user109,$2a$10$CuAzAUjxTZDAGsqvJBk9auQGsj8A.kkXGrxaE.8SyZPfkQvseCh86,John,user109@example.com,2003-01-30,Frankie,2023-05-12 01:52:16
user110,$2a$10$Kj4UgEYGCBUK9vFPjFE30eZKKL586IcDRYq1V2yuMqE6gRkr0PydK,David,user110@example.com,1982-04-17,Gracie,2024-04-14 15:16:26
user111,$2a$10$B3zIF7sIlhW3GkM6RTZ1vO8Km3Xr/qXkC9lYqhPFV3MbtFCyPGEKi,David,user111@example.com,1985-01-28,Bobby,2022-02-22 03:02:57
user112,$2a$10$RLm4RDu07y.KnbY4l0CQVuOrEV6/Sx/smb4tp.MSAQJyYMNNLM1km,Eva,user112@example.com,1999-03-28,Han,2021-03-19 09:59:57
user113,$2a$10$hokskJA0kCsWtLjaPZ8hJumAuruOWQGd35jxf8FFUe9dL/N8soUq.,Hannah,user113@example.com,1993-01-09,Iggy,2022-04-17 14:00:31
user114,$2a$10$tqfrJzwDZ8mMzvaMHxNIhOtKTshCsjkChE6.KOrA5ak9Qpw52u8Bi,Catherine,user114@example.com,2000-12-02,Davey,2021-06-24 17:58:52
user115,$2a$10$eu82/Lw1BXT0FNlxLr0DY.YOdJ1MFFvUOsjB2Vu8jVXuUNc0eQqNW,Hannah,user115@example.com,1993-05-21,Frankie,2024-04-22 21:19:46
user116,$2a$10$fwGdgk4HfvUilXuHbE10Iugzc8FST8CXlLigD2.hQKh4nuUBVfH5a,Eva,user116@example.com,1996-09-07,Gracie,2023-05-25 15:16:40
user117,$2a$10$d506Zr.2xHs7tREPaYyJ3e0eXaSV.tdzubjPjRW8n0P99mGp2.d1K,Hannah,user117@example.com,2000-12-26,Johnny,2021-10-13 04:35:34
user118,$2a$10$gwiE2AlKGuJD0lydZ0nFY.rUR6XbQiwoDcr5J3IGCn734i7nrBg.2,Bob,user118@example.com,1996-08-29,Gracie,2023-02-18 00:21:44
user119,$2a$10$rUBz9TBGlfyvfaeLCbFZnuouBkkqPSzfLBYcs1Kl0.1BfD/cOq2uy,Ian,user119@example.com,1997-11-16,Davey,2020-01-08 22:27:54
user120,$2a$10$y1i9XvN6HUI4y.ACkWJ7NebAdloZsTug1wVHo99z1RugffSvABAtW,John,user120@example.com,2001-10-21,Han,2022-05-27 23:39:33
user121,$2a$10$.4PioGMtFHbDVgj9HECGPui/hpLBxsmxd1A5xxCCIiTkCbv9SG4ri,Eva,user121@example.com,1997-08-30,Cate,2024-05-08 00:27:58
user122,$2a$10$ww8jCOYxysQkD7uEjmuLAezru/z4UKdQGiPFWiyCwrdPsB3.VyHVS,Frank,user122@example.com,1988-07-16,Han,2024-05-01 10:01:05
user123,$2a$10$UhjY6NkROM2ST2dWEfADkusKpdASJn/Aot8HZAF6FuZ.JN2Q0H6Dq,John,user123@example.com,1995-09-22,Iggy,2021-09-28 07:31:53
user124,$2a$10$Y/7apB1U5YM/hoHODoPATO2b2Hx1Pl9j7rAOV965uh6XeJC82skaG,Frank,user124@example.com,1983-12-27,Han,2023-01-28 14:29:58
user125,$2a$10$xnzvLwr0jNQuZGbvCXbRYOKLaT3EpslkM89GMib44BAngggJo/HAK,John,user125@example.com,1981-02-15,Han,2024-09-13 20:23:38
user126,$2a$10$z7NYAUODQdDM5EgIdKIWXuDZeUVWfzV2Z/JxD2Gtf0xHrym4AtlOS,John,user126@example.com,1999-07-23,Iggy,2022-03-05 20:56:06
user127,$2a$10$V7VFSUgmcjikU.yTgmq8oeIvd4UsGdwm7Ey9bQYWHUB2CodiWp4Im,Grace,user127@example.com,1990-06-22,Han,2023-06-26 11:05:18
user128,$2a$10$btWx1qEko4pWI3fyf4lxreHQDPbSfM1xmI4AW4dFj9jthV9enDQM6,Hannah,user128@example.com,2002-03-19,Davey,2023-08-08 15:16:57
user129,$2a$10$9H/2C5rapF9e.lznwt26S.eGnL3jytCm0wHseI2mfQQmFjKFC/js2,Grace,user129@example.com,1995-11-14,Frankie,2022-01-14 03:30:21
user130,$2a$10$qD.f8ZYIaI1vG.oAuR03U.XGXne0UDSFB3GdLN3LswV.qAxt6Tm9i,Catherine,user130@example.com,1996-04-18,Bobby,2024-09-07 01:52:13
user131,$2a$10$Ndh8A.r/ycZsdPG3R60wbOMfqZKO5iawIMRSxCP3S09aFn1BXdNbK,Catherine,user131@example.com,2003-08-08,Davey,2021-04-01 02:11:20
user132,$2a$10$fSgPa/eZde/qpYGBx7Xpp.iqV1gDEwtCZUJMqkYe86xsw2N4eMcz2,Catherine,user132@example.com,2002-07-29,Gracie,2022-01-23 15:13:18
user133,$2a$10$XSRvxy1d.sTBEp0HXorUXu0gpQFb.aLRFAmOGcypfdbxDU89PTiR.,Ian,user133@example.com,1987-04-02,Evie,2021-08-12 00:58:24
user134,$2a$10$2A9HMBAanmWcgESD4mhJ2eyNY049y.XOaVuIsfrMoIwukW7O6/VHa,Eva,user134@example.com,1985-09-10,Frankie,2023-02-24 21:00:40
user135,$2a$10$r.nHoxacw31mXMS8Qut5Ke.Tc5kMEH5e1GfChU838rknHck.5bcsy,Ian,user135@example.com,1995-06-24,Iggy,2022-02-10 23:12:35
user136,$2a$10$F2nS9vyuh8c/dQBGQSK6ROOs1jXMRPCnXPdYASiS///ZBt20kqKhO,Catherine,user136@example.com,2000-04-20,Evie,2021-02-28 00:53:15
user137,$2a$10$s4yWfoZeRZoADKIHU.ZooOoe6Qg0sjjOeSKiVpgX6qrlmrdObx4bu,Bob,user137@example.com,1990-11-12,Han,2023-01-25 16:30:20
user138,$2a$10$qOGvTsFxybmam0nHfNUbw.6O70DfQ41gVXWI0WPA8WuUCmSEtBNVq,Ian,user138@example.com,1996-12-31,Cate,2023-06-28 08:48:06
user139,$2a$10$G9urGXRiQHVzohLVugzObe4hab3.CEsDDEWL3mRtG6gb9tps3NBUe,David,user139@example.com,1987-06-12,Evie,2022-02-07 12:33:18
user140,$2a$10$gypQm7TMZtkM0BPz9oPhGurN1j33D5BIIWO9OMwfCNoVYQG4lY7D.,Bob,user140@example.com,1985-01-21,Johnny,2023-11-07 20:48:42
user141,$2a$10$d..eXtoqZl981tJIGbGWBuGfrH9LUoLKCXIbdFeFfCvlB4lP2D7Um,Alice,user141@example.com,1982-05-25,Johnny,2023-06-10 16:29:55
user142,$2a$10$ZdfqjyfLK6vU/.cYVjOmKOFec1ueBNy2xH4CB1tdnamXBbZYw9VQe,Catherine,user142@example.com,1995-04-06,Frankie,2023-12-15 01:44:01
user143,$2a$10$UVryCV9xQRn8ozZvz0o1Su/CPwHNsOQQQMPIZzRd4b5dL.eXuc60q,Frank,user143@example.com,1985-11-02,Frankie,2024-07-06 08:03:35
user144,$2a$10$PYNNht2KKZZFYveCzwNOwupyYXhPDUN/biIupiwDQYH/wpSil/Ina,Grace,user144@example.com,1991-12-26,Ally,2022-09-18 05:40:10
user145,$2a$10$v/w3J3bFlfcSkcLOlMQXD.02EPyJgX8EroKmucAbDO3S08vtb1SpG,Bob,user145@example.com,1994-01-15,Davey,2024-01-27 21:18:54
user146,$2a$10$22PVYAEpICsyGtRrtQPNke64IcQirSxdpVfhaU5K8THBWNvnQxqRq,John,user146@example.com,2000-11-10,Iggy,2024-12-01 20:18:05
user147,$2a$10$5bhFfnCskejrL/rOEVMmue9CGOzgKksPe3sWfUd6siai9KS9RaQl6,Eva,user147@example.com,2000-06-11,Gracie,2023-04-18 23:48:08
user148,$2a$10$oiIDV8gjtYi2X7fSWs4JBOvKjBbxrqy2nApXKd6q792iqKwJiWelm,Catherine,user148@example.com,1984-09-06,Johnny,2023-05-05 14:37:04
user149,$2a$10$8kTtRiHoaZNqOkhXctKqPeQ1iN5mD7GW/a5PFRsvbZwsqEnmW1ZBi,Ian,user149@example.com,1998-04-01,Johnny,2024-10-02 21:57:13
user150,$2a$10$2Cs..BpY04oM0VqhmPiHfObFP3nEpkxi8clTjk6SuI5pHXxA15UEi,John,user150@example.com,1991-01-28,Iggy,2021-03-28 10:38:28
user151,$2a$10$J8ftcCh9x/bpzDqmfjVPaODs51ILzFM/c.316DxzKKAoNE3zerO/m,Eva,user151@example.com,1989-03-07,Gracie,2022-09-17 03:42:01
user152,$2a$10$uq/FwFnmLM.Iia10VoegvOC30TEXDglazOaMLmHoJBkzpLAS2D482,David,user152@example.com,1986-12-28,Davey,2022-05-26 15:51:33
user153,$2a$10$GecWGlPGwC8EwEtHPIRCWON0PVXIXgyWYWFtk1qb4uwsZFx5W3PXK,David,user153@example.com,1992-10-25,Ally,2024-02-08 18:53:57
user154,$2a$10$cTOHA9FOOFgnqk79Q/YHfu2Yuwh3cEUJpa7V2brzNZfOcMHhdUZG2,Catherine,user154@example.com,1998-01-22,Johnny,2021-06-14 15:33:04
user155,$2a$10$PtVn.bKJShtfpW5r.d8idewCP8CkmDr4vRMzBBCc/mgVFP2vVWnoq,Grace,user155@example.com,2003-04-16,Iggy,2021-05-02 02:33:21
user156,$2a$10$Pt3JxBiCmbt8YBg3uq8PSev7P8RPsiFsA36/oL5aLhd6V5OpCAjqu,Frank,user156@example.com,1999-01-16,Davey,2022-04-19 13:33:40
user157,$2a$10$XBWImFPzQFeuLMBt1o2hy.F7aO.2P9FAOOgcSnY3Jw2cMf9S.u9pW,Frank,user157@example.com,1999-01-20,Gracie,2024-11-19 08:39:05
user158,$2a$10$u36PKFaThJ.qKXikf6rFmeO2aMTH8kYreRVKy.CV2.NofFu6Btp8O,Catherine,user158@example.com,1999-08-09,Gracie,2024-04-23 18:14:23
user159,$2a$10$tb4vLpBH8WTNoarwxYrLVucLAkvx6L6HPcvV7B/zt1.m/tCAxFeZy,Eva,user159@example.com,2004-08-20,Ally,2022-12-07 13:44:26
user160,$2a$10$E.dvzaCg/G6mkAHpvOS7aunCRM68H8gdGimz0yLyBiQpHPuUE4xD.,Ian,user160@example.com,1996-10-09,Bobby,2020-04-26 05:46:15
user161,$2a$10$LJm0Hst6SbgkCmA14clV8eJozAA5prnKMW1yytOLoDGyFweLyBBG6,Eva,user161@example.com,1997-04-12,Davey,2023-11-22 11:06:52
user162,$2a$10$5TNXtAXaV78cl4MxbBPkL.8510bfZmS2pqEln7g4Qi2GmRk7J5TEy,Hannah,user162@example.com,2000-05-09,Johnny,2022-10-02 09:06:10
user163,$2a$10$88bMnqpJf0bbS6JNiMSdT.yrzqE/EpYTOSdaUaWeeqGQ/ZYDXEQ6y,Bob,user163@example.com,1993-04-04,Davey,2023-08-07 21:32:17
user164,$2a$10$5PM5ap5jioQu/6yO2sT7CeU2lVLeFyFU5TXsPcQVyYPrCHf2xXMR.,John,user164@example.com,1989-02-10,Ally,2022-03-08 06:23:38
user165,$2a$10$KdzmX03Dq0LKBaF8XUgHweANTS9rFGi8boKd0nfGhDaL5N8ruMqYS,Bob,user165@example.com,1996-08-10,Evie,2020-02-23 23:03:24
user166,$2a$10$8iyyzcLURlGWUhVHQQ9TTeC20QyMc0LDDVgcj0Rot1XgH7rw1B6Rm,David,user166@example.com,1996-08-31,Johnny,2020-09-04 05:08:53
user167,$2a$10$1aNaygczAfNKMa34j7UuAeKctcmFuZgDb8Tr9OxRdXYrGIx4U/R3y,Eva,user167@example.com,2000-07-17,Johnny,2021-02-20 21:09:02
user168,$2a$10$PhgCOux.PrmGk12VhGfXVunMnBxkTZi/4tsPoi7gLrsmCttikypJu,Grace,user168@example.com,2002-09-19,Frankie,2022-03-21 18:45:41
user169,$2a$10$WKtzZxvMnC6JWtecALEiXOOIk7oaxOVmfewWjENm29ZV9nHG34l5y,Grace,user169@example.com,1985-04-24,Iggy,2021-03-06 00:57:49
user170,$2a$10$RBE4flDcqL51iYd7Ydukz.UmROfaitJ/JMQKIvQUZ9UbbnCPtH/02,Eva,user170@example.com,1992-11-23,Cate,2020-02-10 19:25:02
user171,$2a$10$KKpTKvYiBan7GlOjL6Ht7eR1YQifwzBPoJSgBwe0umXNb22gEpEfG,Hannah,user171@example.com,1999-12-29,Gracie,2024-10-22 08:34:38
user172,$2a$10$7kV/0JVxpHj/7nYkipFfVulqQQFMjWa9F5ErZVNpiD6a.2KgC2gGi,Catherine,user172@example.com,1985-09-13,Davey,2020-05-08 13:12:25
user173,$2a$10$6p9h2DV5MO/A.HX4G2xy1uRfxiVFz1Xe9HCMbpLp9dnV.0nW8yRGe,Frank,user173@example.com,1986-03-06,Han,2023-07-19 18:26:38
user174,$2a$10$2coQpHtGWJZh434WTN1fjOt9OLIyo5zweZzRr4n.jx3.uKDmmL7Fa,Grace,user174@example.com,1995-09-01,Ally,2020-10-13 01:08:54
user175,$2a$10$MCN5WQ5XArwmurWmN5uZ1.Gimn/vhreAQHNjN2AjKVp7dQvTyhabS,David,user175@example.com,1985-06-03,Johnny,2024-06-05 09:19:49
user176,$2a$10$qY2jb4Q9QyoQW9X2zE0SWuxacB9zFm7ecbrVOe3t7g4Gnc1LJwZJ.,Catherine,user176@example.com,1989-02-09,Bobby,2023-10-18 16:15:13
user177,$2a$10$qRe8Nr52HizH.N8zhPEKnetunH2LtoZlcX.foORHCDcqzB14honGS,David,user177@example.com,2000-08-18,Frankie,2020-12-27 14:40:49
user178,$2a$10$kX8ew6pSJ/ABVwDf1u7BaeFJXQk2oMIXsxmSnK5zrr3ylKKSxiyI2,Frank,user178@example.com,1997-12-25,Frankie,2022-01-11 12:49:20
user179,$2a$10$9SKDzvfJoLtWlGK8rEfFYezDXfKIFzisNt03rFt8H0PRO45oE8xUC,Catherine,user179@example.com,1998-01-07,Bobby,2023-01-12 19:37:57
user180,$2a$10$VZkulHGA8iHEO0LMXwxZJOBv2MHsgFDOxd0wumnvcJx2VHzzWIPbm,Bob,user180@example.com,1986-03-07,Gracie,2024-12-24 01:24:35
user181,$2a$10$73mwCH7a47Uuk/9o.oMevefxFnSz60mxsCDyY5VwpGKhqGXPU/zgK,Grace,user181@example.com,1994-01-16,Bobby,2020-03-22 13:41:21
user182,$2a$10$YW/mBnUpG.HwtNU9abbVsOWEyP10jmGivyfn3n7oG8xBofknwSEQm,Grace,user182@example.com,1984-06-03,Cate,2021-10-15 09:57:00
user183,$2a$10$i6UkRO1Zunyxbk59wKgGTeAvPzENvWH/u8.IEiHHmto3bpjnGnH2a,Eva,user183@example.com,1989-06-06,Bobby,2021-01-06 08:24:22
user184,$2a$10$N4RBA.J0qDiZVaae/h15LOQcQZQtFrtUpB70A8q3vnA3nH33VY6X.,Frank,user184@example.com,1987-01-30,Han,2021-10-25 01:12:15
user185,$2a$10$LVzLcUZJCG5ArThMVXFJ8uoAbBhc8TJym9feb7rJn9lLqeGa2xFqm,Grace,user185@example.com,1998-04-25,Iggy,2020-12-15 14:04:31
user186,$2a$10$2BSKhDgKEhpoOhy/SSme3ulU8Oi8gz2LEuf5hwT.vZEx2LieUgmNK,Ian,user186@example.com,1993-10-25,Gracie,2021-08-01 12:51:47
user187,$2a$10$CYzsF4Oq9nRJ1e4CJmyDmuWVLNXw1mnQ9NReLTlIqvyVGSPL770rC,Hannah,user187@example.com,1992-10-07,Evie,2023-07-13 07:08:50
user188,$2a$10$HvotcjtOf31qIEU5PVu9I.cbWu.MXwypHMWoz9.0UCz6TBRq4fJo2,Frank,user188@example.com,1983-07-15,Davey,2024-07-17 19:58:04
user189,$2a$10$sHvZoYfqy/VJpptjD7zBI.Nda71HtDYOWEQz4xo1caIQcESP3Ba.2,Eva,user189@example.com,1992-01-15,Frankie,2020-05-16 22:03:48
user190,$2a$10$vq0ry.QSDiXWiizIfV0gQOgJQ5ds0AjoovxjEXuIFuNUs5Knqgqf2,Eva,user190@example.com,2002-01-08,Cate,2020-05-24 10:16:55
user191,$2a$10$S5PZz7.To0FclRdCdXdrC.J8VEKHt5YoRCJSmaldwJ0/0JuH.ggqG,Grace,user191@example.com,1997-10-02,Evie,2022-09-21 08:06:24
user192,$2a$10$gFIX7jeQfOrW5X0dYujkNeqjOTS6n7D6INTvNZat8rPgaZt8RpIH6,Ian,user192@example.com,1988-10-04,Iggy,2021-11-09 17:44:57
user193,$2a$10$xKkvXMTMPueksfnIXUpooeaUT4l1TX/TB4BpiKL5rBOrDooXmYmgO,Ian,user193@example.com,1982-11-29,Cate,2021-11-19 20:38:02
user194,$2a$10$eDjNsPqpklYI4XoE9D1J8.dcQqjairw7VZLrDL3pEbW/OovkAcBr6,Eva,user194@example.com,1998-03-25,Cate,2023-06-12 04:02:22
user195,$2a$10$5xHJBT/pYsisEridAFbgXed9kvBkY3GHKrISGnS0mgJ0HBlXrKg4m,Hannah,user195@example.com,1993-06-17,Han,2022-09-26 12:11:02
user196,$2a$10$2Xj8jOIkri04GJjRgbDDsuZ3J5yIKxIBQqTThBSdfMAIoqe/2GNpK,John,user196@example.com,2001-01-24,Davey,2022-01-03 02:09:05
user197,$2a$10$sNrZVHchQf/JWAqFOca6FOZ0Avi4CEZ7b8c5Y9ndJp/ZjBEurilNm,Hannah,user197@example.com,2001-04-16,Iggy,2022-09-16 12:36:36
user198,$2a$10$LiPQI/o454fVTS3vIjaOH.EW59cfRy4qpmnUnlpJOiLxiMQqZ1hW6,Grace,user198@example.com,1997-07-01,Davey,2021-11-20 10:26:47
user199,$2a$10$Y326Sv7PkfwXEqy2KOc7Rew7tHxf4W65kR6o3NI7mnLPBYV9./zvq,David,user199@example.com,1982-07-30,Gracie,2022-03-22 03:22:09
user200,$2a$10$MqxGz33Hanvpy.LRQka7XuYkwOpBB671buRYF1F4HXYsAVmLIFdWG,Hannah,user200@example.com,1982-05-01,Gracie,2023-09-13 23:23:41
